instance_type,family,instance_category,region,vcpus,memory_gib,network_score,gpu_count,price_usd_hour,workload_tag
c5.2xlarge,Compute optimized,CPU,af-south-1,8,16.0,3,0,0.408,compute
c5.large,Compute optimized,CPU,af-south-1,2,4.0,3,0,0.102,compute
c5.xlarge,Compute optimized,CPU,af-south-1,4,8.0,3,0,0.204,compute
c6i.2xlarge,Compute optimized,CPU,af-south-1,8,16.0,4,0,0.408,compute
c6i.large,Compute optimized,CPU,af-south-1,2,4.0,3,0,0.102,compute
c6i.xlarge,Compute optimized,CPU,af-south-1,4,8.0,3,0,0.204,compute
c7g.2xlarge,Compute optimized,CPU,af-south-1,8,16.0,4,0,0.348,compute
c7g.large,Compute optimized,CPU,af-south-1,2,4.0,3,0,0.087,compute
c7g.xlarge,Compute optimized,CPU,af-south-1,4,8.0,3,0,0.174,compute
g4dn.2xlarge,GPU instance,GPU,af-south-1,8,32.0,4,1,0.9024,gpu
g4dn.xlarge,GPU instance,GPU,af-south-1,4,16.0,3,1,0.6312,gpu
i3.2xlarge,Storage optimized,Storage,af-south-1,8,61.0,4,0,0.7488,storage
i3.large,Storage optimized,Storage,af-south-1,2,15.25,4,0,0.1872,storage
i3.xlarge,Storage optimized,Storage,af-south-1,4,30.5,4,0,0.3744,storage
i4i.large,Storage optimized,Storage,af-south-1,2,16.0,4,0,0.2064,storage
i4i.xlarge,Storage optimized,Storage,af-south-1,4,32.0,4,0,0.4128,storage
m5.2xlarge,General purpose,General,af-south-1,8,32.0,3,0,0.4608,general
m5.large,General purpose,General,af-south-1,2,8.0,3,0,0.1152,general
m5.xlarge,General purpose,General,af-south-1,4,16.0,3,0,0.2304,general
m6i.2xlarge,General purpose,General,af-south-1,8,32.0,4,0,0.4608,general
m6i.large,General purpose,General,af-south-1,2,8.0,3,0,0.1152,general
m6i.xlarge,General purpose,General,af-south-1,4,16.0,3,0,0.2304,general
m7g.2xlarge,General purpose,General,af-south-1,8,32.0,3,0,0.39168,general
m7g.large,General purpose,General,af-south-1,2,8.0,3,0,0.09792,general
m7g.xlarge,General purpose,General,af-south-1,4,16.0,3,0,0.19584,general
r5.2xlarge,Memory optimized,Memory,af-south-1,8,64.0,4,0,0.6048,memory
r5.large,Memory optimized,Memory,af-south-1,2,16.0,3,0,0.1512,memory
r5.xlarge,Memory optimized,Memory,af-south-1,4,32.0,3,0,0.3024,memory
r6i.2xlarge,Memory optimized,Memory,af-south-1,8,64.0,4,0,0.6048,memory
r6i.large,Memory optimized,Memory,af-south-1,2,16.0,3,0,0.1512,memory
r6i.xlarge,Memory optimized,Memory,af-south-1,4,32.0,3,0,0.3024,memory
r7g.2xlarge,Memory optimized,Memory,af-south-1,8,64.0,4,0,0.51408,memory
r7g.large,Memory optimized,Memory,af-south-1,2,16.0,3,0,0.12852,memory
r7g.xlarge,Memory optimized,Memory,af-south-1,4,32.0,3,0,0.25704,memory
t3.large,General purpose,General,af-south-1,2,8.0,2,0,0.09984,general
t3.medium,General purpose,General,af-south-1,2,4.0,2,0,0.04992,general
t3.small,General purpose,General,af-south-1,2,2.0,2,0,0.02496,general
t3.xlarge,General purpose,General,af-south-1,4,16.0,2,0,0.19968,general
c5.2xlarge,Compute optimized,CPU,ap-east-1,8,16.0,3,0,0.3995,compute
c5.large,Compute optimized,CPU,ap-east-1,2,4.0,3,0,0.099875,compute
c5.xlarge,Compute optimized,CPU,ap-east-1,4,8.0,3,0,0.19975,compute
c6i.2xlarge,Compute optimized,CPU,ap-east-1,8,16.0,4,0,0.3995,compute
c6i.large,Compute optimized,CPU,ap-east-1,2,4.0,3,0,0.099875,compute
c6i.xlarge,Compute optimized,CPU,ap-east-1,4,8.0,3,0,0.19975,compute
c7g.2xlarge,Compute optimized,CPU,ap-east-1,8,16.0,4,0,0.34075,compute
c7g.large,Compute optimized,CPU,ap-east-1,2,4.0,3,0,0.085187,compute
c7g.xlarge,Compute optimized,CPU,ap-east-1,4,8.0,3,0,0.170375,compute
g4dn.2xlarge,GPU instance,GPU,ap-east-1,8,32.0,4,1,0.8836,gpu
g4dn.xlarge,GPU instance,GPU,ap-east-1,4,16.0,3,1,0.61805,gpu
i3.2xlarge,Storage optimized,Storage,ap-east-1,8,61.0,4,0,0.7332,storage
i3.large,Storage optimized,Storage,ap-east-1,2,15.25,4,0,0.1833,storage
i3.xlarge,Storage optimized,Storage,ap-east-1,4,30.5,4,0,0.3666,storage
i4i.large,Storage optimized,Storage,ap-east-1,2,16.0,4,0,0.2021,storage
i4i.xlarge,Storage optimized,Storage,ap-east-1,4,32.0,4,0,0.4042,storage
m5.2xlarge,General purpose,General,ap-east-1,8,32.0,3,0,0.4512,general
m5.large,General purpose,General,ap-east-1,2,8.0,3,0,0.1128,general
m5.xlarge,General purpose,General,ap-east-1,4,16.0,3,0,0.2256,general
m6i.2xlarge,General purpose,General,ap-east-1,8,32.0,4,0,0.4512,general
m6i.large,General purpose,General,ap-east-1,2,8.0,3,0,0.1128,general
m6i.xlarge,General purpose,General,ap-east-1,4,16.0,3,0,0.2256,general
m7g.2xlarge,General purpose,General,ap-east-1,8,32.0,3,0,0.38352,general
m7g.large,General purpose,General,ap-east-1,2,8.0,3,0,0.09588,general
m7g.xlarge,General purpose,General,ap-east-1,4,16.0,3,0,0.19176,general
r5.2xlarge,Memory optimized,Memory,ap-east-1,8,64.0,4,0,0.5922,memory
r5.large,Memory optimized,Memory,ap-east-1,2,16.0,3,0,0.14805,memory
r5.xlarge,Memory optimized,Memory,ap-east-1,4,32.0,3,0,0.2961,memory
r6i.2xlarge,Memory optimized,Memory,ap-east-1,8,64.0,4,0,0.5922,memory
r6i.large,Memory optimized,Memory,ap-east-1,2,16.0,3,0,0.14805,memory
r6i.xlarge,Memory optimized,Memory,ap-east-1,4,32.0,3,0,0.2961,memory
r7g.2xlarge,Memory optimized,Memory,ap-east-1,8,64.0,4,0,0.50337,memory
r7g.large,Memory optimized,Memory,ap-east-1,2,16.0,3,0,0.125842,memory
r7g.xlarge,Memory optimized,Memory,ap-east-1,4,32.0,3,0,0.251685,memory
t3.large,General purpose,General,ap-east-1,2,8.0,2,0,0.09776,general
t3.medium,General purpose,General,ap-east-1,2,4.0,2,0,0.04888,general
t3.small,General purpose,General,ap-east-1,2,2.0,2,0,0.02444,general
t3.xlarge,General purpose,General,ap-east-1,4,16.0,2,0,0.19552,general
c5.2xlarge,Compute optimized,CPU,ap-northeast-1,8,16.0,3,0,0.37638,compute
c5.large,Compute optimized,CPU,ap-northeast-1,2,4.0,3,0,0.094095,compute
c5.xlarge,Compute optimized,CPU,ap-northeast-1,4,8.0,3,0,0.18819,compute
c6i.2xlarge,Compute optimized,CPU,ap-northeast-1,8,16.0,4,0,0.37638,compute
c6i.large,Compute optimized,CPU,ap-northeast-1,2,4.0,3,0,0.094095,compute
c6i.xlarge,Compute optimized,CPU,ap-northeast-1,4,8.0,3,0,0.18819,compute
c7g.2xlarge,Compute optimized,CPU,ap-northeast-1,8,16.0,4,0,0.32103,compute
c7g.large,Compute optimized,CPU,ap-northeast-1,2,4.0,3,0,0.080257,compute
c7g.xlarge,Compute optimized,CPU,ap-northeast-1,4,8.0,3,0,0.160515,compute
d3.xlarge,Storage optimized,Storage,ap-northeast-1,4,32.0,4,0,0.552393,storage
g4dn.2xlarge,GPU instance,GPU,ap-northeast-1,8,32.0,4,1,0.832464,gpu
g4dn.xlarge,GPU instance,GPU,ap-northeast-1,4,16.0,3,1,0.582282,gpu
g5.2xlarge,GPU instance,GPU,ap-northeast-1,8,32.0,4,1,1.341684,gpu
g5.xlarge,GPU instance,GPU,ap-northeast-1,4,16.0,4,1,1.113642,gpu
i3.2xlarge,Storage optimized,Storage,ap-northeast-1,8,61.0,4,0,0.690768,storage
i3.large,Storage optimized,Storage,ap-northeast-1,2,15.25,4,0,0.172692,storage
i3.xlarge,Storage optimized,Storage,ap-northeast-1,4,30.5,4,0,0.345384,storage
i4i.large,Storage optimized,Storage,ap-northeast-1,2,16.0,4,0,0.190404,storage
i4i.xlarge,Storage optimized,Storage,ap-northeast-1,4,32.0,4,0,0.380808,storage
m5.2xlarge,General purpose,General,ap-northeast-1,8,32.0,3,0,0.425088,general
m5.large,General purpose,General,ap-northeast-1,2,8.0,3,0,0.106272,general
m5.xlarge,General purpose,General,ap-northeast-1,4,16.0,3,0,0.212544,general
m6i.2xlarge,General purpose,General,ap-northeast-1,8,32.0,4,0,0.425088,general
m6i.large,General purpose,General,ap-northeast-1,2,8.0,3,0,0.106272,general
m6i.xlarge,General purpose,General,ap-northeast-1,4,16.0,3,0,0.212544,general
m7g.2xlarge,General purpose,General,ap-northeast-1,8,32.0,3,0,0.361325,general
m7g.large,General purpose,General,ap-northeast-1,2,8.0,3,0,0.090331,general
m7g.xlarge,General purpose,General,ap-northeast-1,4,16.0,3,0,0.180662,general
p3.2xlarge,GPU instance,GPU,ap-northeast-1,8,61.0,4,1,3.38742,gpu
r5.2xlarge,Memory optimized,Memory,ap-northeast-1,8,64.0,4,0,0.557928,memory
r5.large,Memory optimized,Memory,ap-northeast-1,2,16.0,3,0,0.139482,memory
r5.xlarge,Memory optimized,Memory,ap-northeast-1,4,32.0,3,0,0.278964,memory
r6i.2xlarge,Memory optimized,Memory,ap-northeast-1,8,64.0,4,0,0.557928,memory
r6i.large,Memory optimized,Memory,ap-northeast-1,2,16.0,3,0,0.139482,memory
r6i.xlarge,Memory optimized,Memory,ap-northeast-1,4,32.0,3,0,0.278964,memory
r7g.2xlarge,Memory optimized,Memory,ap-northeast-1,8,64.0,4,0,0.474239,memory
r7g.large,Memory optimized,Memory,ap-northeast-1,2,16.0,3,0,0.11856,memory
r7g.xlarge,Memory optimized,Memory,ap-northeast-1,4,32.0,3,0,0.237119,memory
t3.large,General purpose,General,ap-northeast-1,2,8.0,2,0,0.092102,general
t3.medium,General purpose,General,ap-northeast-1,2,4.0,2,0,0.046051,general
t3.small,General purpose,General,ap-northeast-1,2,2.0,2,0,0.023026,general
t3.xlarge,General purpose,General,ap-northeast-1,4,16.0,2,0,0.184205,general
c5.2xlarge,Compute optimized,CPU,ap-northeast-2,8,16.0,3,0,0.3706,compute
c5.large,Compute optimized,CPU,ap-northeast-2,2,4.0,3,0,0.09265,compute
c5.xlarge,Compute optimized,CPU,ap-northeast-2,4,8.0,3,0,0.1853,compute
c6i.2xlarge,Compute optimized,CPU,ap-northeast-2,8,16.0,4,0,0.3706,compute
c6i.large,Compute optimized,CPU,ap-northeast-2,2,4.0,3,0,0.09265,compute
c6i.xlarge,Compute optimized,CPU,ap-northeast-2,4,8.0,3,0,0.1853,compute
c7g.2xlarge,Compute optimized,CPU,ap-northeast-2,8,16.0,4,0,0.3161,compute
c7g.large,Compute optimized,CPU,ap-northeast-2,2,4.0,3,0,0.079025,compute
c7g.xlarge,Compute optimized,CPU,ap-northeast-2,4,8.0,3,0,0.15805,compute
d3.xlarge,Storage optimized,Storage,ap-northeast-2,4,32.0,4,0,0.54391,storage
g4dn.2xlarge,GPU instance,GPU,ap-northeast-2,8,32.0,4,1,0.81968,gpu
g4dn.xlarge,GPU instance,GPU,ap-northeast-2,4,16.0,3,1,0.57334,gpu
g5.2xlarge,GPU instance,GPU,ap-northeast-2,8,32.0,4,1,1.32108,gpu
g5.xlarge,GPU instance,GPU,ap-northeast-2,4,16.0,4,1,1.09654,gpu
i3.2xlarge,Storage optimized,Storage,ap-northeast-2,8,61.0,4,0,0.68016,storage
i3.large,Storage optimized,Storage,ap-northeast-2,2,15.25,4,0,0.17004,storage
i3.xlarge,Storage optimized,Storage,ap-northeast-2,4,30.5,4,0,0.34008,storage
i4i.large,Storage optimized,Storage,ap-northeast-2,2,16.0,4,0,0.18748,storage
i4i.xlarge,Storage optimized,Storage,ap-northeast-2,4,32.0,4,0,0.37496,storage
m5.2xlarge,General purpose,General,ap-northeast-2,8,32.0,3,0,0.41856,general
m5.large,General purpose,General,ap-northeast-2,2,8.0,3,0,0.10464,general
m5.xlarge,General purpose,General,ap-northeast-2,4,16.0,3,0,0.20928,general
m6i.2xlarge,General purpose,General,ap-northeast-2,8,32.0,4,0,0.41856,general
m6i.large,General purpose,General,ap-northeast-2,2,8.0,3,0,0.10464,general
m6i.xlarge,General purpose,General,ap-northeast-2,4,16.0,3,0,0.20928,general
m7g.2xlarge,General purpose,General,ap-northeast-2,8,32.0,3,0,0.355776,general
m7g.large,General purpose,General,ap-northeast-2,2,8.0,3,0,0.088944,general
m7g.xlarge,General purpose,General,ap-northeast-2,4,16.0,3,0,0.177888,general
p3.2xlarge,GPU instance,GPU,ap-northeast-2,8,61.0,4,1,3.3354,gpu
r5.2xlarge,Memory optimized,Memory,ap-northeast-2,8,64.0,4,0,0.54936,memory
r5.large,Memory optimized,Memory,ap-northeast-2,2,16.0,3,0,0.13734,memory
r5.xlarge,Memory optimized,Memory,ap-northeast-2,4,32.0,3,0,0.27468,memory
r6i.2xlarge,Memory optimized,Memory,ap-northeast-2,8,64.0,4,0,0.54936,memory
r6i.large,Memory optimized,Memory,ap-northeast-2,2,16.0,3,0,0.13734,memory
r6i.xlarge,Memory optimized,Memory,ap-northeast-2,4,32.0,3,0,0.27468,memory
r7g.2xlarge,Memory optimized,Memory,ap-northeast-2,8,64.0,4,0,0.466956,memory
r7g.large,Memory optimized,Memory,ap-northeast-2,2,16.0,3,0,0.116739,memory
r7g.xlarge,Memory optimized,Memory,ap-northeast-2,4,32.0,3,0,0.233478,memory
t3.large,General purpose,General,ap-northeast-2,2,8.0,2,0,0.090688,general
t3.medium,General purpose,General,ap-northeast-2,2,4.0,2,0,0.045344,general
t3.small,General purpose,General,ap-northeast-2,2,2.0,2,0,0.022672,general
t3.xlarge,General purpose,General,ap-northeast-2,4,16.0,2,0,0.181376,general
c5.2xlarge,Compute optimized,CPU,ap-northeast-3,8,16.0,3,0,0.37638,compute
c5.large,Compute optimized,CPU,ap-northeast-3,2,4.0,3,0,0.094095,compute
c5.xlarge,Compute optimized,CPU,ap-northeast-3,4,8.0,3,0,0.18819,compute
c6i.2xlarge,Compute optimized,CPU,ap-northeast-3,8,16.0,4,0,0.37638,compute
c6i.large,Compute optimized,CPU,ap-northeast-3,2,4.0,3,0,0.094095,compute
c6i.xlarge,Compute optimized,CPU,ap-northeast-3,4,8.0,3,0,0.18819,compute
c7g.2xlarge,Compute optimized,CPU,ap-northeast-3,8,16.0,4,0,0.32103,compute
c7g.large,Compute optimized,CPU,ap-northeast-3,2,4.0,3,0,0.080257,compute
c7g.xlarge,Compute optimized,CPU,ap-northeast-3,4,8.0,3,0,0.160515,compute
d3.xlarge,Storage optimized,Storage,ap-northeast-3,4,32.0,4,0,0.552393,storage
g4dn.2xlarge,GPU instance,GPU,ap-northeast-3,8,32.0,4,1,0.832464,gpu
g4dn.xlarge,GPU instance,GPU,ap-northeast-3,4,16.0,3,1,0.582282,gpu
i3.2xlarge,Storage optimized,Storage,ap-northeast-3,8,61.0,4,0,0.690768,storage
i3.large,Storage optimized,Storage,ap-northeast-3,2,15.25,4,0,0.172692,storage
i3.xlarge,Storage optimized,Storage,ap-northeast-3,4,30.5,4,0,0.345384,storage
i4i.large,Storage optimized,Storage,ap-northeast-3,2,16.0,4,0,0.190404,storage
i4i.xlarge,Storage optimized,Storage,ap-northeast-3,4,32.0,4,0,0.380808,storage
m5.2xlarge,General purpose,General,ap-northeast-3,8,32.0,3,0,0.425088,general
m5.large,General purpose,General,ap-northeast-3,2,8.0,3,0,0.106272,general
m5.xlarge,General purpose,General,ap-northeast-3,4,16.0,3,0,0.212544,general
m6i.2xlarge,General purpose,General,ap-northeast-3,8,32.0,4,0,0.425088,general
m6i.large,General purpose,General,ap-northeast-3,2,8.0,3,0,0.106272,general
m6i.xlarge,General purpose,General,ap-northeast-3,4,16.0,3,0,0.212544,general
m7g.2xlarge,General purpose,General,ap-northeast-3,8,32.0,3,0,0.361325,general
m7g.large,General purpose,General,ap-northeast-3,2,8.0,3,0,0.090331,general
m7g.xlarge,General purpose,General,ap-northeast-3,4,16.0,3,0,0.180662,general
r5.2xlarge,Memory optimized,Memory,ap-northeast-3,8,64.0,4,0,0.557928,memory
r5.large,Memory optimized,Memory,ap-northeast-3,2,16.0,3,0,0.139482,memory
r5.xlarge,Memory optimized,Memory,ap-northeast-3,4,32.0,3,0,0.278964,memory
r6i.2xlarge,Memory optimized,Memory,ap-northeast-3,8,64.0,4,0,0.557928,memory
r6i.large,Memory optimized,Memory,ap-northeast-3,2,16.0,3,0,0.139482,memory
r6i.xlarge,Memory optimized,Memory,ap-northeast-3,4,32.0,3,0,0.278964,memory
r7g.2xlarge,Memory optimized,Memory,ap-northeast-3,8,64.0,4,0,0.474239,memory
r7g.large,Memory optimized,Memory,ap-northeast-3,2,16.0,3,0,0.11856,memory
r7g.xlarge,Memory optimized,Memory,ap-northeast-3,4,32.0,3,0,0.237119,memory
t3.large,General purpose,General,ap-northeast-3,2,8.0,2,0,0.092102,general
t3.medium,General purpose,General,ap-northeast-3,2,4.0,2,0,0.046051,general
t3.small,General purpose,General,ap-northeast-3,2,2.0,2,0,0.023026,general
t3.xlarge,General purpose,General,ap-northeast-3,4,16.0,2,0,0.184205,general
c5.2xlarge,Compute optimized,CPU,ap-south-1,8,16.0,3,0,0.3825,compute
c5.large,Compute optimized,CPU,ap-south-1,2,4.0,3,0,0.095625,compute
c5.xlarge,Compute optimized,CPU,ap-south-1,4,8.0,3,0,0.19125,compute
c6i.2xlarge,Compute optimized,CPU,ap-south-1,8,16.0,4,0,0.3825,compute
c6i.large,Compute optimized,CPU,ap-south-1,2,4.0,3,0,0.095625,compute
c6i.xlarge,Compute optimized,CPU,ap-south-1,4,8.0,3,0,0.19125,compute
c7g.2xlarge,Compute optimized,CPU,ap-south-1,8,16.0,4,0,0.1964,compute
c7g.large,Compute optimized,CPU,ap-south-1,2,4.0,3,0,0.0491,compute
c7g.xlarge,Compute optimized,CPU,ap-south-1,4,8.0,3,0,0.0982,compute
d3.xlarge,Storage optimized,Storage,ap-south-1,4,32.0,4,0,0.561375,storage
g4dn.2xlarge,GPU instance,GPU,ap-south-1,8,32.0,4,1,0.846,gpu
g4dn.xlarge,GPU instance,GPU,ap-south-1,4,16.0,3,1,0.59175,gpu
g5.2xlarge,GPU instance,GPU,ap-south-1,8,32.0,4,1,1.45536,gpu
g5.xlarge,GPU instance,GPU,ap-south-1,4,16.0,4,1,1.208,gpu
i3.2xlarge,Storage optimized,Storage,ap-south-1,8,61.0,4,0,0.702,storage
i3.large,Storage optimized,Storage,ap-south-1,2,15.25,4,0,0.1755,storage
i3.xlarge,Storage optimized,Storage,ap-south-1,4,30.5,4,0,0.351,storage
i4i.large,Storage optimized,Storage,ap-south-1,2,16.0,4,0,0.195,storage
i4i.xlarge,Storage optimized,Storage,ap-south-1,4,32.0,4,0,0.39,storage
m5.2xlarge,General purpose,General,ap-south-1,8,32.0,3,0,0.432,general
m5.large,General purpose,General,ap-south-1,2,8.0,3,0,0.108,general
m5.xlarge,General purpose,General,ap-south-1,4,16.0,3,0,0.216,general
m6i.2xlarge,General purpose,General,ap-south-1,8,32.0,4,0,0.432,general
m6i.large,General purpose,General,ap-south-1,2,8.0,3,0,0.108,general
m6i.xlarge,General purpose,General,ap-south-1,4,16.0,3,0,0.216,general
m7g.2xlarge,General purpose,General,ap-south-1,8,32.0,3,0,0.2332,general
m7g.large,General purpose,General,ap-south-1,2,8.0,3,0,0.0583,general
m7g.xlarge,General purpose,General,ap-south-1,4,16.0,3,0,0.1166,general
p3.2xlarge,GPU instance,GPU,ap-south-1,8,61.0,4,1,3.4425,gpu
r5.2xlarge,Memory optimized,Memory,ap-south-1,8,64.0,4,0,0.567,memory
r5.large,Memory optimized,Memory,ap-south-1,2,16.0,3,0,0.14175,memory
r5.xlarge,Memory optimized,Memory,ap-south-1,4,32.0,3,0,0.2835,memory
r6i.2xlarge,Memory optimized,Memory,ap-south-1,8,64.0,4,0,0.567,memory
r6i.large,Memory optimized,Memory,ap-south-1,2,16.0,3,0,0.14175,memory
r6i.xlarge,Memory optimized,Memory,ap-south-1,4,32.0,3,0,0.2835,memory
r7g.2xlarge,Memory optimized,Memory,ap-south-1,8,64.0,4,0,0.3004,memory
r7g.large,Memory optimized,Memory,ap-south-1,2,16.0,3,0,0.0751,memory
r7g.xlarge,Memory optimized,Memory,ap-south-1,4,32.0,3,0,0.1502,memory
t3.large,General purpose,General,ap-south-1,2,8.0,2,0,0.0936,general
t3.medium,General purpose,General,ap-south-1,2,4.0,2,0,0.0468,general
t3.small,General purpose,General,ap-south-1,2,2.0,2,0,0.0234,general
t3.xlarge,General purpose,General,ap-south-1,4,16.0,2,0,0.1872,general
c5.2xlarge,Compute optimized,CPU,ap-south-2,8,16.0,3,0,0.3842,compute
c5.large,Compute optimized,CPU,ap-south-2,2,4.0,3,0,0.09605,compute
c5.xlarge,Compute optimized,CPU,ap-south-2,4,8.0,3,0,0.1921,compute
c6i.2xlarge,Compute optimized,CPU,ap-south-2,8,16.0,4,0,0.3842,compute
c6i.large,Compute optimized,CPU,ap-south-2,2,4.0,3,0,0.09605,compute
c6i.xlarge,Compute optimized,CPU,ap-south-2,4,8.0,3,0,0.1921,compute
g4dn.2xlarge,GPU instance,GPU,ap-south-2,8,32.0,4,1,0.84976,gpu
g4dn.xlarge,GPU instance,GPU,ap-south-2,4,16.0,3,1,0.59438,gpu
i3.2xlarge,Storage optimized,Storage,ap-south-2,8,61.0,4,0,0.70512,storage
i3.large,Storage optimized,Storage,ap-south-2,2,15.25,4,0,0.17628,storage
i3.xlarge,Storage optimized,Storage,ap-south-2,4,30.5,4,0,0.35256,storage
i4i.large,Storage optimized,Storage,ap-south-2,2,16.0,4,0,0.19436,storage
i4i.xlarge,Storage optimized,Storage,ap-south-2,4,32.0,4,0,0.38872,storage
m5.2xlarge,General purpose,General,ap-south-2,8,32.0,3,0,0.43392,general
m5.large,General purpose,General,ap-south-2,2,8.0,3,0,0.10848,general
m5.xlarge,General purpose,General,ap-south-2,4,16.0,3,0,0.21696,general
m6i.2xlarge,General purpose,General,ap-south-2,8,32.0,4,0,0.43392,general
m6i.large,General purpose,General,ap-south-2,2,8.0,3,0,0.10848,general
m6i.xlarge,General purpose,General,ap-south-2,4,16.0,3,0,0.21696,general
r5.2xlarge,Memory optimized,Memory,ap-south-2,8,64.0,4,0,0.56952,memory
r5.large,Memory optimized,Memory,ap-south-2,2,16.0,3,0,0.14238,memory
r5.xlarge,Memory optimized,Memory,ap-south-2,4,32.0,3,0,0.28476,memory
r6i.2xlarge,Memory optimized,Memory,ap-south-2,8,64.0,4,0,0.56952,memory
r6i.large,Memory optimized,Memory,ap-south-2,2,16.0,3,0,0.14238,memory
r6i.xlarge,Memory optimized,Memory,ap-south-2,4,32.0,3,0,0.28476,memory
t3.large,General purpose,General,ap-south-2,2,8.0,2,0,0.094016,general
t3.medium,General purpose,General,ap-south-2,2,4.0,2,0,0.047008,general
t3.small,General purpose,General,ap-south-2,2,2.0,2,0,0.023504,general
t3.xlarge,General purpose,General,ap-south-2,4,16.0,2,0,0.188032,general
c5.2xlarge,Compute optimized,CPU,ap-southeast-1,8,16.0,3,0,0.3706,compute
c5.large,Compute optimized,CPU,ap-southeast-1,2,4.0,3,0,0.09265,compute
c5.xlarge,Compute optimized,CPU,ap-southeast-1,4,8.0,3,0,0.1853,compute
c6i.2xlarge,Compute optimized,CPU,ap-southeast-1,8,16.0,4,0,0.3706,compute
c6i.large,Compute optimized,CPU,ap-southeast-1,2,4.0,3,0,0.09265,compute
c6i.xlarge,Compute optimized,CPU,ap-southeast-1,4,8.0,3,0,0.1853,compute
c7g.2xlarge,Compute optimized,CPU,ap-southeast-1,8,16.0,4,0,0.3161,compute
c7g.large,Compute optimized,CPU,ap-southeast-1,2,4.0,3,0,0.079025,compute
c7g.xlarge,Compute optimized,CPU,ap-southeast-1,4,8.0,3,0,0.15805,compute
d3.xlarge,Storage optimized,Storage,ap-southeast-1,4,32.0,4,0,0.54391,storage
g4dn.2xlarge,GPU instance,GPU,ap-southeast-1,8,32.0,4,1,0.81968,gpu
g4dn.xlarge,GPU instance,GPU,ap-southeast-1,4,16.0,3,1,0.57334,gpu
g5.2xlarge,GPU instance,GPU,ap-southeast-1,8,32.0,4,1,1.32108,gpu
g5.xlarge,GPU instance,GPU,ap-southeast-1,4,16.0,4,1,1.09654,gpu
i3.2xlarge,Storage optimized,Storage,ap-southeast-1,8,61.0,4,0,0.68016,storage
i3.large,Storage optimized,Storage,ap-southeast-1,2,15.25,4,0,0.17004,storage
i3.xlarge,Storage optimized,Storage,ap-southeast-1,4,30.5,4,0,0.34008,storage
i4i.large,Storage optimized,Storage,ap-southeast-1,2,16.0,4,0,0.18748,storage
i4i.xlarge,Storage optimized,Storage,ap-southeast-1,4,32.0,4,0,0.37496,storage
m5.2xlarge,General purpose,General,ap-southeast-1,8,32.0,3,0,0.41856,general
m5.large,General purpose,General,ap-southeast-1,2,8.0,3,0,0.10464,general
m5.xlarge,General purpose,General,ap-southeast-1,4,16.0,3,0,0.20928,general
m6i.2xlarge,General purpose,General,ap-southeast-1,8,32.0,4,0,0.41856,general
m6i.large,General purpose,General,ap-southeast-1,2,8.0,3,0,0.10464,general
m6i.xlarge,General purpose,General,ap-southeast-1,4,16.0,3,0,0.20928,general
m7g.2xlarge,General purpose,General,ap-southeast-1,8,32.0,3,0,0.355776,general
m7g.large,General purpose,General,ap-southeast-1,2,8.0,3,0,0.088944,general
m7g.xlarge,General purpose,General,ap-southeast-1,4,16.0,3,0,0.177888,general
p3.2xlarge,GPU instance,GPU,ap-southeast-1,8,61.0,4,1,3.3354,gpu
r5.2xlarge,Memory optimized,Memory,ap-southeast-1,8,64.0,4,0,0.54936,memory
r5.large,Memory optimized,Memory,ap-southeast-1,2,16.0,3,0,0.13734,memory
r5.xlarge,Memory optimized,Memory,ap-southeast-1,4,32.0,3,0,0.27468,memory
r6i.2xlarge,Memory optimized,Memory,ap-southeast-1,8,64.0,4,0,0.54936,memory
r6i.large,Memory optimized,Memory,ap-southeast-1,2,16.0,3,0,0.13734,memory
r6i.xlarge,Memory optimized,Memory,ap-southeast-1,4,32.0,3,0,0.27468,memory
r7g.2xlarge,Memory optimized,Memory,ap-southeast-1,8,64.0,4,0,0.466956,memory
r7g.large,Memory optimized,Memory,ap-southeast-1,2,16.0,3,0,0.116739,memory
r7g.xlarge,Memory optimized,Memory,ap-southeast-1,4,32.0,3,0,0.233478,memory
t3.large,General purpose,General,ap-southeast-1,2,8.0,2,0,0.090688,general
t3.medium,General purpose,General,ap-southeast-1,2,4.0,2,0,0.045344,general
t3.small,General purpose,General,ap-southeast-1,2,2.0,2,0,0.022672,general
t3.xlarge,General purpose,General,ap-southeast-1,4,16.0,2,0,0.181376,general
c5.2xlarge,Compute optimized,CPU,ap-southeast-2,8,16.0,3,0,0.3791,compute
c5.large,Compute optimized,CPU,ap-southeast-2,2,4.0,3,0,0.094775,compute
c5.xlarge,Compute optimized,CPU,ap-southeast-2,4,8.0,3,0,0.18955,compute
c6i.2xlarge,Compute optimized,CPU,ap-southeast-2,8,16.0,4,0,0.3791,compute
c6i.large,Compute optimized,CPU,ap-southeast-2,2,4.0,3,0,0.094775,compute
c6i.xlarge,Compute optimized,CPU,ap-southeast-2,4,8.0,3,0,0.18955,compute
c7g.2xlarge,Compute optimized,CPU,ap-southeast-2,8,16.0,4,0,0.32335,compute
c7g.large,Compute optimized,CPU,ap-southeast-2,2,4.0,3,0,0.080837,compute
c7g.xlarge,Compute optimized,CPU,ap-southeast-2,4,8.0,3,0,0.161675,compute
d3.xlarge,Storage optimized,Storage,ap-southeast-2,4,32.0,4,0,0.556385,storage
g4dn.2xlarge,GPU instance,GPU,ap-southeast-2,8,32.0,4,1,0.83848,gpu
g4dn.xlarge,GPU instance,GPU,ap-southeast-2,4,16.0,3,1,0.58649,gpu
g5.2xlarge,GPU instance,GPU,ap-southeast-2,8,32.0,4,1,1.35138,gpu
g5.xlarge,GPU instance,GPU,ap-southeast-2,4,16.0,4,1,1.12169,gpu
i3.2xlarge,Storage optimized,Storage,ap-southeast-2,8,61.0,4,0,0.69576,storage
i3.large,Storage optimized,Storage,ap-southeast-2,2,15.25,4,0,0.17394,storage
i3.xlarge,Storage optimized,Storage,ap-southeast-2,4,30.5,4,0,0.34788,storage
i4i.large,Storage optimized,Storage,ap-southeast-2,2,16.0,4,0,0.19178,storage
i4i.xlarge,Storage optimized,Storage,ap-southeast-2,4,32.0,4,0,0.38356,storage
m5.2xlarge,General purpose,General,ap-southeast-2,8,32.0,3,0,0.42816,general
m5.large,General purpose,General,ap-southeast-2,2,8.0,3,0,0.10704,general
m5.xlarge,General purpose,General,ap-southeast-2,4,16.0,3,0,0.21408,general
m6i.2xlarge,General purpose,General,ap-southeast-2,8,32.0,4,0,0.42816,general
m6i.large,General purpose,General,ap-southeast-2,2,8.0,3,0,0.10704,general
m6i.xlarge,General purpose,General,ap-southeast-2,4,16.0,3,0,0.21408,general
m7g.2xlarge,General purpose,General,ap-southeast-2,8,32.0,3,0,0.363936,general
m7g.large,General purpose,General,ap-southeast-2,2,8.0,3,0,0.090984,general
m7g.xlarge,General purpose,General,ap-southeast-2,4,16.0,3,0,0.181968,general
p3.2xlarge,GPU instance,GPU,ap-southeast-2,8,61.0,4,1,3.4119,gpu
r5.2xlarge,Memory optimized,Memory,ap-southeast-2,8,64.0,4,0,0.56196,memory
r5.large,Memory optimized,Memory,ap-southeast-2,2,16.0,3,0,0.14049,memory
r5.xlarge,Memory optimized,Memory,ap-southeast-2,4,32.0,3,0,0.28098,memory
r6i.2xlarge,Memory optimized,Memory,ap-southeast-2,8,64.0,4,0,0.56196,memory
r6i.large,Memory optimized,Memory,ap-southeast-2,2,16.0,3,0,0.14049,memory
r6i.xlarge,Memory optimized,Memory,ap-southeast-2,4,32.0,3,0,0.28098,memory
r7g.2xlarge,Memory optimized,Memory,ap-southeast-2,8,64.0,4,0,0.477666,memory
r7g.large,Memory optimized,Memory,ap-southeast-2,2,16.0,3,0,0.119416,memory
r7g.xlarge,Memory optimized,Memory,ap-southeast-2,4,32.0,3,0,0.238833,memory
t3.large,General purpose,General,ap-southeast-2,2,8.0,2,0,0.092768,general
t3.medium,General purpose,General,ap-southeast-2,2,4.0,2,0,0.046384,general
t3.small,General purpose,General,ap-southeast-2,2,2.0,2,0,0.023192,general
t3.xlarge,General purpose,General,ap-southeast-2,4,16.0,2,0,0.185536,general
c5.2xlarge,Compute optimized,CPU,ca-central-1,8,16.0,3,0,0.3604,compute
c5.large,Compute optimized,CPU,ca-central-1,2,4.0,3,0,0.0901,compute
c5.xlarge,Compute optimized,CPU,ca-central-1,4,8.0,3,0,0.1802,compute
c6i.2xlarge,Compute optimized,CPU,ca-central-1,8,16.0,4,0,0.3604,compute
c6i.large,Compute optimized,CPU,ca-central-1,2,4.0,3,0,0.0901,compute
c6i.xlarge,Compute optimized,CPU,ca-central-1,4,8.0,3,0,0.1802,compute
c7g.2xlarge,Compute optimized,CPU,ca-central-1,8,16.0,4,0,0.3074,compute
c7g.large,Compute optimized,CPU,ca-central-1,2,4.0,3,0,0.07685,compute
c7g.xlarge,Compute optimized,CPU,ca-central-1,4,8.0,3,0,0.1537,compute
d3.xlarge,Storage optimized,Storage,ca-central-1,4,32.0,4,0,0.52894,storage
g4dn.2xlarge,GPU instance,GPU,ca-central-1,8,32.0,4,1,0.79712,gpu
g4dn.xlarge,GPU instance,GPU,ca-central-1,4,16.0,3,1,0.55756,gpu
g5.2xlarge,GPU instance,GPU,ca-central-1,8,32.0,4,1,1.28472,gpu
g5.xlarge,GPU instance,GPU,ca-central-1,4,16.0,4,1,1.06636,gpu
i3.2xlarge,Storage optimized,Storage,ca-central-1,8,61.0,4,0,0.66144,storage
i3.large,Storage optimized,Storage,ca-central-1,2,15.25,4,0,0.16536,storage
i3.xlarge,Storage optimized,Storage,ca-central-1,4,30.5,4,0,0.33072,storage
i4i.large,Storage optimized,Storage,ca-central-1,2,16.0,4,0,0.18232,storage
i4i.xlarge,Storage optimized,Storage,ca-central-1,4,32.0,4,0,0.36464,storage
m5.2xlarge,General purpose,General,ca-central-1,8,32.0,3,0,0.40704,general
m5.large,General purpose,General,ca-central-1,2,8.0,3,0,0.10176,general
m5.xlarge,General purpose,General,ca-central-1,4,16.0,3,0,0.20352,general
m6i.2xlarge,General purpose,General,ca-central-1,8,32.0,4,0,0.40704,general
m6i.large,General purpose,General,ca-central-1,2,8.0,3,0,0.10176,general
m6i.xlarge,General purpose,General,ca-central-1,4,16.0,3,0,0.20352,general
m7g.2xlarge,General purpose,General,ca-central-1,8,32.0,3,0,0.345984,general
m7g.large,General purpose,General,ca-central-1,2,8.0,3,0,0.086496,general
m7g.xlarge,General purpose,General,ca-central-1,4,16.0,3,0,0.172992,general
r5.2xlarge,Memory optimized,Memory,ca-central-1,8,64.0,4,0,0.53424,memory
r5.large,Memory optimized,Memory,ca-central-1,2,16.0,3,0,0.13356,memory
r5.xlarge,Memory optimized,Memory,ca-central-1,4,32.0,3,0,0.26712,memory
r6i.2xlarge,Memory optimized,Memory,ca-central-1,8,64.0,4,0,0.53424,memory
r6i.large,Memory optimized,Memory,ca-central-1,2,16.0,3,0,0.13356,memory
r6i.xlarge,Memory optimized,Memory,ca-central-1,4,32.0,3,0,0.26712,memory
r7g.2xlarge,Memory optimized,Memory,ca-central-1,8,64.0,4,0,0.454104,memory
r7g.large,Memory optimized,Memory,ca-central-1,2,16.0,3,0,0.113526,memory
r7g.xlarge,Memory optimized,Memory,ca-central-1,4,32.0,3,0,0.227052,memory
t3.large,General purpose,General,ca-central-1,2,8.0,2,0,0.088192,general
t3.medium,General purpose,General,ca-central-1,2,4.0,2,0,0.044096,general
t3.small,General purpose,General,ca-central-1,2,2.0,2,0,0.022048,general
t3.xlarge,General purpose,General,ca-central-1,4,16.0,2,0,0.176384,general
c5.2xlarge,Compute optimized,CPU,eu-central-1,8,16.0,3,0,0.3672,compute
c5.large,Compute optimized,CPU,eu-central-1,2,4.0,3,0,0.0918,compute
c5.xlarge,Compute optimized,CPU,eu-central-1,4,8.0,3,0,0.1836,compute
c6i.2xlarge,Compute optimized,CPU,eu-central-1,8,16.0,4,0,0.3672,compute
c6i.large,Compute optimized,CPU,eu-central-1,2,4.0,3,0,0.0918,compute
c6i.xlarge,Compute optimized,CPU,eu-central-1,4,8.0,3,0,0.1836,compute
c7g.2xlarge,Compute optimized,CPU,eu-central-1,8,16.0,4,0,0.3132,compute
c7g.large,Compute optimized,CPU,eu-central-1,2,4.0,3,0,0.0783,compute
c7g.xlarge,Compute optimized,CPU,eu-central-1,4,8.0,3,0,0.1566,compute
d3.xlarge,Storage optimized,Storage,eu-central-1,4,32.0,4,0,0.53892,storage
g4dn.2xlarge,GPU instance,GPU,eu-central-1,8,32.0,4,1,0.81216,gpu
g4dn.xlarge,GPU instance,GPU,eu-central-1,4,16.0,3,1,0.56808,gpu
g5.2xlarge,GPU instance,GPU,eu-central-1,8,32.0,4,1,1.30896,gpu
g5.xlarge,GPU instance,GPU,eu-central-1,4,16.0,4,1,1.08648,gpu
i3.2xlarge,Storage optimized,Storage,eu-central-1,8,61.0,4,0,0.67392,storage
i3.large,Storage optimized,Storage,eu-central-1,2,15.25,4,0,0.16848,storage
i3.xlarge,Storage optimized,Storage,eu-central-1,4,30.5,4,0,0.33696,storage
i4i.large,Storage optimized,Storage,eu-central-1,2,16.0,4,0,0.18576,storage
i4i.xlarge,Storage optimized,Storage,eu-central-1,4,32.0,4,0,0.37152,storage
m5.2xlarge,General purpose,General,eu-central-1,8,32.0,3,0,0.41472,general
m5.large,General purpose,General,eu-central-1,2,8.0,3,0,0.10368,general
m5.xlarge,General purpose,General,eu-central-1,4,16.0,3,0,0.20736,general
m6i.2xlarge,General purpose,General,eu-central-1,8,32.0,4,0,0.41472,general
m6i.large,General purpose,General,eu-central-1,2,8.0,3,0,0.10368,general
m6i.xlarge,General purpose,General,eu-central-1,4,16.0,3,0,0.20736,general
m7g.2xlarge,General purpose,General,eu-central-1,8,32.0,3,0,0.352512,general
m7g.large,General purpose,General,eu-central-1,2,8.0,3,0,0.088128,general
m7g.xlarge,General purpose,General,eu-central-1,4,16.0,3,0,0.176256,general
p3.2xlarge,GPU instance,GPU,eu-central-1,8,61.0,4,1,3.3048,gpu
r5.2xlarge,Memory optimized,Memory,eu-central-1,8,64.0,4,0,0.54432,memory
r5.large,Memory optimized,Memory,eu-central-1,2,16.0,3,0,0.13608,memory
r5.xlarge,Memory optimized,Memory,eu-central-1,4,32.0,3,0,0.27216,memory
r6i.2xlarge,Memory optimized,Memory,eu-central-1,8,64.0,4,0,0.54432,memory
r6i.large,Memory optimized,Memory,eu-central-1,2,16.0,3,0,0.13608,memory
r6i.xlarge,Memory optimized,Memory,eu-central-1,4,32.0,3,0,0.27216,memory
r7g.2xlarge,Memory optimized,Memory,eu-central-1,8,64.0,4,0,0.462672,memory
r7g.large,Memory optimized,Memory,eu-central-1,2,16.0,3,0,0.115668,memory
r7g.xlarge,Memory optimized,Memory,eu-central-1,4,32.0,3,0,0.231336,memory
t3.large,General purpose,General,eu-central-1,2,8.0,2,0,0.089856,general
t3.medium,General purpose,General,eu-central-1,2,4.0,2,0,0.044928,general
t3.small,General purpose,General,eu-central-1,2,2.0,2,0,0.022464,general
t3.xlarge,General purpose,General,eu-central-1,4,16.0,2,0,0.179712,general
c5.2xlarge,Compute optimized,CPU,eu-north-1,8,16.0,3,0,0.36448,compute
c5.large,Compute optimized,CPU,eu-north-1,2,4.0,3,0,0.09112,compute
c5.xlarge,Compute optimized,CPU,eu-north-1,4,8.0,3,0,0.18224,compute
c6i.2xlarge,Compute optimized,CPU,eu-north-1,8,16.0,4,0,0.36448,compute
c6i.large,Compute optimized,CPU,eu-north-1,2,4.0,3,0,0.09112,compute
c6i.xlarge,Compute optimized,CPU,eu-north-1,4,8.0,3,0,0.18224,compute
c7g.2xlarge,Compute optimized,CPU,eu-north-1,8,16.0,4,0,0.31088,compute
c7g.large,Compute optimized,CPU,eu-north-1,2,4.0,3,0,0.07772,compute
c7g.xlarge,Compute optimized,CPU,eu-north-1,4,8.0,3,0,0.15544,compute
d3.xlarge,Storage optimized,Storage,eu-north-1,4,32.0,4,0,0.534928,storage
g4dn.2xlarge,GPU instance,GPU,eu-north-1,8,32.0,4,1,0.806144,gpu
g4dn.xlarge,GPU instance,GPU,eu-north-1,4,16.0,3,1,0.563872,gpu
i3.2xlarge,Storage optimized,Storage,eu-north-1,8,61.0,4,0,0.668928,storage
i3.large,Storage optimized,Storage,eu-north-1,2,15.25,4,0,0.167232,storage
i3.xlarge,Storage optimized,Storage,eu-north-1,4,30.5,4,0,0.334464,storage
i4i.large,Storage optimized,Storage,eu-north-1,2,16.0,4,0,0.184384,storage
i4i.xlarge,Storage optimized,Storage,eu-north-1,4,32.0,4,0,0.368768,storage
m5.2xlarge,General purpose,General,eu-north-1,8,32.0,3,0,0.411648,general
m5.large,General purpose,General,eu-north-1,2,8.0,3,0,0.102912,general
m5.xlarge,General purpose,General,eu-north-1,4,16.0,3,0,0.205824,general
m6i.2xlarge,General purpose,General,eu-north-1,8,32.0,4,0,0.411648,general
m6i.large,General purpose,General,eu-north-1,2,8.0,3,0,0.102912,general
m6i.xlarge,General purpose,General,eu-north-1,4,16.0,3,0,0.205824,general
m7g.2xlarge,General purpose,General,eu-north-1,8,32.0,3,0,0.349901,general
m7g.large,General purpose,General,eu-north-1,2,8.0,3,0,0.087475,general
m7g.xlarge,General purpose,General,eu-north-1,4,16.0,3,0,0.17495,general
r5.2xlarge,Memory optimized,Memory,eu-north-1,8,64.0,4,0,0.540288,memory
r5.large,Memory optimized,Memory,eu-north-1,2,16.0,3,0,0.135072,memory
r5.xlarge,Memory optimized,Memory,eu-north-1,4,32.0,3,0,0.270144,memory
r6i.2xlarge,Memory optimized,Memory,eu-north-1,8,64.0,4,0,0.540288,memory
r6i.large,Memory optimized,Memory,eu-north-1,2,16.0,3,0,0.135072,memory
r6i.xlarge,Memory optimized,Memory,eu-north-1,4,32.0,3,0,0.270144,memory
r7g.2xlarge,Memory optimized,Memory,eu-north-1,8,64.0,4,0,0.459245,memory
r7g.large,Memory optimized,Memory,eu-north-1,2,16.0,3,0,0.114811,memory
r7g.xlarge,Memory optimized,Memory,eu-north-1,4,32.0,3,0,0.229622,memory
t3.large,General purpose,General,eu-north-1,2,8.0,2,0,0.08919,general
t3.medium,General purpose,General,eu-north-1,2,4.0,2,0,0.044595,general
t3.small,General purpose,General,eu-north-1,2,2.0,2,0,0.022298,general
t3.xlarge,General purpose,General,eu-north-1,4,16.0,2,0,0.178381,general
c5.2xlarge,Compute optimized,CPU,eu-south-1,8,16.0,3,0,0.3706,compute
c5.large,Compute optimized,CPU,eu-south-1,2,4.0,3,0,0.09265,compute
c5.xlarge,Compute optimized,CPU,eu-south-1,4,8.0,3,0,0.1853,compute
c6i.2xlarge,Compute optimized,CPU,eu-south-1,8,16.0,4,0,0.3706,compute
c6i.large,Compute optimized,CPU,eu-south-1,2,4.0,3,0,0.09265,compute
c6i.xlarge,Compute optimized,CPU,eu-south-1,4,8.0,3,0,0.1853,compute
g4dn.2xlarge,GPU instance,GPU,eu-south-1,8,32.0,4,1,0.81968,gpu
g4dn.xlarge,GPU instance,GPU,eu-south-1,4,16.0,3,1,0.57334,gpu
i3.2xlarge,Storage optimized,Storage,eu-south-1,8,61.0,4,0,0.68016,storage
i3.large,Storage optimized,Storage,eu-south-1,2,15.25,4,0,0.17004,storage
i3.xlarge,Storage optimized,Storage,eu-south-1,4,30.5,4,0,0.34008,storage
i4i.large,Storage optimized,Storage,eu-south-1,2,16.0,4,0,0.18748,storage
i4i.xlarge,Storage optimized,Storage,eu-south-1,4,32.0,4,0,0.37496,storage
m5.2xlarge,General purpose,General,eu-south-1,8,32.0,3,0,0.41856,general
m5.large,General purpose,General,eu-south-1,2,8.0,3,0,0.10464,general
m5.xlarge,General purpose,General,eu-south-1,4,16.0,3,0,0.20928,general
m6i.2xlarge,General purpose,General,eu-south-1,8,32.0,4,0,0.41856,general
m6i.large,General purpose,General,eu-south-1,2,8.0,3,0,0.10464,general
m6i.xlarge,General purpose,General,eu-south-1,4,16.0,3,0,0.20928,general
r5.2xlarge,Memory optimized,Memory,eu-south-1,8,64.0,4,0,0.54936,memory
r5.large,Memory optimized,Memory,eu-south-1,2,16.0,3,0,0.13734,memory
r5.xlarge,Memory optimized,Memory,eu-south-1,4,32.0,3,0,0.27468,memory
r6i.2xlarge,Memory optimized,Memory,eu-south-1,8,64.0,4,0,0.54936,memory
r6i.large,Memory optimized,Memory,eu-south-1,2,16.0,3,0,0.13734,memory
r6i.xlarge,Memory optimized,Memory,eu-south-1,4,32.0,3,0,0.27468,memory
t3.large,General purpose,General,eu-south-1,2,8.0,2,0,0.090688,general
t3.medium,General purpose,General,eu-south-1,2,4.0,2,0,0.045344,general
t3.small,General purpose,General,eu-south-1,2,2.0,2,0,0.022672,general
t3.xlarge,General purpose,General,eu-south-1,4,16.0,2,0,0.181376,general
c5.2xlarge,Compute optimized,CPU,eu-west-1,8,16.0,3,0,0.3536,compute
c5.large,Compute optimized,CPU,eu-west-1,2,4.0,3,0,0.0884,compute
c5.xlarge,Compute optimized,CPU,eu-west-1,4,8.0,3,0,0.1768,compute
c6i.2xlarge,Compute optimized,CPU,eu-west-1,8,16.0,4,0,0.3536,compute
c6i.large,Compute optimized,CPU,eu-west-1,2,4.0,3,0,0.0884,compute
c6i.xlarge,Compute optimized,CPU,eu-west-1,4,8.0,3,0,0.1768,compute
c7g.2xlarge,Compute optimized,CPU,eu-west-1,8,16.0,4,0,0.3016,compute
c7g.large,Compute optimized,CPU,eu-west-1,2,4.0,3,0,0.0754,compute
c7g.xlarge,Compute optimized,CPU,eu-west-1,4,8.0,3,0,0.1508,compute
d3.xlarge,Storage optimized,Storage,eu-west-1,4,32.0,4,0,0.51896,storage
g4dn.2xlarge,GPU instance,GPU,eu-west-1,8,32.0,4,1,0.78208,gpu
g4dn.xlarge,GPU instance,GPU,eu-west-1,4,16.0,3,1,0.54704,gpu
g5.2xlarge,GPU instance,GPU,eu-west-1,8,32.0,4,1,1.26048,gpu
g5.xlarge,GPU instance,GPU,eu-west-1,4,16.0,4,1,1.04624,gpu
i3.2xlarge,Storage optimized,Storage,eu-west-1,8,61.0,4,0,0.64896,storage
i3.large,Storage optimized,Storage,eu-west-1,2,15.25,4,0,0.16224,storage
i3.xlarge,Storage optimized,Storage,eu-west-1,4,30.5,4,0,0.32448,storage
i4i.large,Storage optimized,Storage,eu-west-1,2,16.0,4,0,0.17888,storage
i4i.xlarge,Storage optimized,Storage,eu-west-1,4,32.0,4,0,0.35776,storage
m5.2xlarge,General purpose,General,eu-west-1,8,32.0,3,0,0.39936,general
m5.large,General purpose,General,eu-west-1,2,8.0,3,0,0.09984,general
m5.xlarge,General purpose,General,eu-west-1,4,16.0,3,0,0.19968,general
m6i.2xlarge,General purpose,General,eu-west-1,8,32.0,4,0,0.39936,general
m6i.large,General purpose,General,eu-west-1,2,8.0,3,0,0.09984,general
m6i.xlarge,General purpose,General,eu-west-1,4,16.0,3,0,0.19968,general
m7g.2xlarge,General purpose,General,eu-west-1,8,32.0,3,0,0.339456,general
m7g.large,General purpose,General,eu-west-1,2,8.0,3,0,0.084864,general
m7g.xlarge,General purpose,General,eu-west-1,4,16.0,3,0,0.169728,general
p3.2xlarge,GPU instance,GPU,eu-west-1,8,61.0,4,1,3.1824,gpu
r5.2xlarge,Memory optimized,Memory,eu-west-1,8,64.0,4,0,0.52416,memory
r5.large,Memory optimized,Memory,eu-west-1,2,16.0,3,0,0.13104,memory
r5.xlarge,Memory optimized,Memory,eu-west-1,4,32.0,3,0,0.26208,memory
r6i.2xlarge,Memory optimized,Memory,eu-west-1,8,64.0,4,0,0.52416,memory
r6i.large,Memory optimized,Memory,eu-west-1,2,16.0,3,0,0.13104,memory
r6i.xlarge,Memory optimized,Memory,eu-west-1,4,32.0,3,0,0.26208,memory
r7g.2xlarge,Memory optimized,Memory,eu-west-1,8,64.0,4,0,0.445536,memory
r7g.large,Memory optimized,Memory,eu-west-1,2,16.0,3,0,0.111384,memory
r7g.xlarge,Memory optimized,Memory,eu-west-1,4,32.0,3,0,0.222768,memory
t3.large,General purpose,General,eu-west-1,2,8.0,2,0,0.086528,general
t3.medium,General purpose,General,eu-west-1,2,4.0,2,0,0.043264,general
t3.small,General purpose,General,eu-west-1,2,2.0,2,0,0.021632,general
t3.xlarge,General purpose,General,eu-west-1,4,16.0,2,0,0.173056,general
c5.2xlarge,Compute optimized,CPU,eu-west-2,8,16.0,3,0,0.36788,compute
c5.large,Compute optimized,CPU,eu-west-2,2,4.0,3,0,0.09197,compute
c5.xlarge,Compute optimized,CPU,eu-west-2,4,8.0,3,0,0.18394,compute
c6i.2xlarge,Compute optimized,CPU,eu-west-2,8,16.0,4,0,0.36788,compute
c6i.large,Compute optimized,CPU,eu-west-2,2,4.0,3,0,0.09197,compute
c6i.xlarge,Compute optimized,CPU,eu-west-2,4,8.0,3,0,0.18394,compute
c7g.2xlarge,Compute optimized,CPU,eu-west-2,8,16.0,4,0,0.31378,compute
c7g.large,Compute optimized,CPU,eu-west-2,2,4.0,3,0,0.078445,compute
c7g.xlarge,Compute optimized,CPU,eu-west-2,4,8.0,3,0,0.15689,compute
d3.xlarge,Storage optimized,Storage,eu-west-2,4,32.0,4,0,0.539918,storage
g4dn.2xlarge,GPU instance,GPU,eu-west-2,8,32.0,4,1,0.813664,gpu
g4dn.xlarge,GPU instance,GPU,eu-west-2,4,16.0,3,1,0.569132,gpu
g5.2xlarge,GPU instance,GPU,eu-west-2,8,32.0,4,1,1.311384,gpu
g5.xlarge,GPU instance,GPU,eu-west-2,4,16.0,4,1,1.088492,gpu
i3.2xlarge,Storage optimized,Storage,eu-west-2,8,61.0,4,0,0.675168,storage
i3.large,Storage optimized,Storage,eu-west-2,2,15.25,4,0,0.168792,storage
i3.xlarge,Storage optimized,Storage,eu-west-2,4,30.5,4,0,0.337584,storage
i4i.large,Storage optimized,Storage,eu-west-2,2,16.0,4,0,0.186104,storage
i4i.xlarge,Storage optimized,Storage,eu-west-2,4,32.0,4,0,0.372208,storage
m5.2xlarge,General purpose,General,eu-west-2,8,32.0,3,0,0.415488,general
m5.large,General purpose,General,eu-west-2,2,8.0,3,0,0.103872,general
m5.xlarge,General purpose,General,eu-west-2,4,16.0,3,0,0.207744,general
m6i.2xlarge,General purpose,General,eu-west-2,8,32.0,4,0,0.415488,general
m6i.large,General purpose,General,eu-west-2,2,8.0,3,0,0.103872,general
m6i.xlarge,General purpose,General,eu-west-2,4,16.0,3,0,0.207744,general
m7g.2xlarge,General purpose,General,eu-west-2,8,32.0,3,0,0.353165,general
m7g.large,General purpose,General,eu-west-2,2,8.0,3,0,0.088291,general
m7g.xlarge,General purpose,General,eu-west-2,4,16.0,3,0,0.176582,general
p3.2xlarge,GPU instance,GPU,eu-west-2,8,61.0,4,1,3.31092,gpu
r5.2xlarge,Memory optimized,Memory,eu-west-2,8,64.0,4,0,0.545328,memory
r5.large,Memory optimized,Memory,eu-west-2,2,16.0,3,0,0.136332,memory
r5.xlarge,Memory optimized,Memory,eu-west-2,4,32.0,3,0,0.272664,memory
r6i.2xlarge,Memory optimized,Memory,eu-west-2,8,64.0,4,0,0.545328,memory
r6i.large,Memory optimized,Memory,eu-west-2,2,16.0,3,0,0.136332,memory
r6i.xlarge,Memory optimized,Memory,eu-west-2,4,32.0,3,0,0.272664,memory
r7g.2xlarge,Memory optimized,Memory,eu-west-2,8,64.0,4,0,0.463529,memory
r7g.large,Memory optimized,Memory,eu-west-2,2,16.0,3,0,0.115882,memory
r7g.xlarge,Memory optimized,Memory,eu-west-2,4,32.0,3,0,0.231764,memory
t3.large,General purpose,General,eu-west-2,2,8.0,2,0,0.090022,general
t3.medium,General purpose,General,eu-west-2,2,4.0,2,0,0.045011,general
t3.small,General purpose,General,eu-west-2,2,2.0,2,0,0.022506,general
t3.xlarge,General purpose,General,eu-west-2,4,16.0,2,0,0.180045,general
c5.2xlarge,Compute optimized,CPU,eu-west-3,8,16.0,3,0,0.36788,compute
c5.large,Compute optimized,CPU,eu-west-3,2,4.0,3,0,0.09197,compute
c5.xlarge,Compute optimized,CPU,eu-west-3,4,8.0,3,0,0.18394,compute
c6i.2xlarge,Compute optimized,CPU,eu-west-3,8,16.0,4,0,0.36788,compute
c6i.large,Compute optimized,CPU,eu-west-3,2,4.0,3,0,0.09197,compute
c6i.xlarge,Compute optimized,CPU,eu-west-3,4,8.0,3,0,0.18394,compute
c7g.2xlarge,Compute optimized,CPU,eu-west-3,8,16.0,4,0,0.31378,compute
c7g.large,Compute optimized,CPU,eu-west-3,2,4.0,3,0,0.078445,compute
c7g.xlarge,Compute optimized,CPU,eu-west-3,4,8.0,3,0,0.15689,compute
d3.xlarge,Storage optimized,Storage,eu-west-3,4,32.0,4,0,0.539918,storage
g4dn.2xlarge,GPU instance,GPU,eu-west-3,8,32.0,4,1,0.813664,gpu
g4dn.xlarge,GPU instance,GPU,eu-west-3,4,16.0,3,1,0.569132,gpu
g5.2xlarge,GPU instance,GPU,eu-west-3,8,32.0,4,1,1.311384,gpu
g5.xlarge,GPU instance,GPU,eu-west-3,4,16.0,4,1,1.088492,gpu
i3.2xlarge,Storage optimized,Storage,eu-west-3,8,61.0,4,0,0.675168,storage
i3.large,Storage optimized,Storage,eu-west-3,2,15.25,4,0,0.168792,storage
i3.xlarge,Storage optimized,Storage,eu-west-3,4,30.5,4,0,0.337584,storage
i4i.large,Storage optimized,Storage,eu-west-3,2,16.0,4,0,0.186104,storage
i4i.xlarge,Storage optimized,Storage,eu-west-3,4,32.0,4,0,0.372208,storage
m5.2xlarge,General purpose,General,eu-west-3,8,32.0,3,0,0.415488,general
m5.large,General purpose,General,eu-west-3,2,8.0,3,0,0.103872,general
m5.xlarge,General purpose,General,eu-west-3,4,16.0,3,0,0.207744,general
m6i.2xlarge,General purpose,General,eu-west-3,8,32.0,4,0,0.415488,general
m6i.large,General purpose,General,eu-west-3,2,8.0,3,0,0.103872,general
m6i.xlarge,General purpose,General,eu-west-3,4,16.0,3,0,0.207744,general
m7g.2xlarge,General purpose,General,eu-west-3,8,32.0,3,0,0.353165,general
m7g.large,General purpose,General,eu-west-3,2,8.0,3,0,0.088291,general
m7g.xlarge,General purpose,General,eu-west-3,4,16.0,3,0,0.176582,general
r5.2xlarge,Memory optimized,Memory,eu-west-3,8,64.0,4,0,0.545328,memory
r5.large,Memory optimized,Memory,eu-west-3,2,16.0,3,0,0.136332,memory
r5.xlarge,Memory optimized,Memory,eu-west-3,4,32.0,3,0,0.272664,memory
r6i.2xlarge,Memory optimized,Memory,eu-west-3,8,64.0,4,0,0.545328,memory
r6i.large,Memory optimized,Memory,eu-west-3,2,16.0,3,0,0.136332,memory
r6i.xlarge,Memory optimized,Memory,eu-west-3,4,32.0,3,0,0.272664,memory
r7g.2xlarge,Memory optimized,Memory,eu-west-3,8,64.0,4,0,0.463529,memory
r7g.large,Memory optimized,Memory,eu-west-3,2,16.0,3,0,0.115882,memory
r7g.xlarge,Memory optimized,Memory,eu-west-3,4,32.0,3,0,0.231764,memory
t3.large,General purpose,General,eu-west-3,2,8.0,2,0,0.090022,general
t3.medium,General purpose,General,eu-west-3,2,4.0,2,0,0.045011,general
t3.small,General purpose,General,eu-west-3,2,2.0,2,0,0.022506,general
t3.xlarge,General purpose,General,eu-west-3,4,16.0,2,0,0.180045,general
c5.2xlarge,Compute optimized,CPU,il-central-1,8,16.0,3,0,0.3893,compute
c5.large,Compute optimized,CPU,il-central-1,2,4.0,3,0,0.097325,compute
c5.xlarge,Compute optimized,CPU,il-central-1,4,8.0,3,0,0.19465,compute
c6i.2xlarge,Compute optimized,CPU,il-central-1,8,16.0,4,0,0.3893,compute
c6i.large,Compute optimized,CPU,il-central-1,2,4.0,3,0,0.097325,compute
c6i.xlarge,Compute optimized,CPU,il-central-1,4,8.0,3,0,0.19465,compute
g4dn.2xlarge,GPU instance,GPU,il-central-1,8,32.0,4,1,0.86104,gpu
g4dn.xlarge,GPU instance,GPU,il-central-1,4,16.0,3,1,0.60227,gpu
i3.2xlarge,Storage optimized,Storage,il-central-1,8,61.0,4,0,0.71448,storage
i3.large,Storage optimized,Storage,il-central-1,2,15.25,4,0,0.17862,storage
i3.xlarge,Storage optimized,Storage,il-central-1,4,30.5,4,0,0.35724,storage
i4i.large,Storage optimized,Storage,il-central-1,2,16.0,4,0,0.19694,storage
i4i.xlarge,Storage optimized,Storage,il-central-1,4,32.0,4,0,0.39388,storage
m5.2xlarge,General purpose,General,il-central-1,8,32.0,3,0,0.43968,general
m5.large,General purpose,General,il-central-1,2,8.0,3,0,0.10992,general
m5.xlarge,General purpose,General,il-central-1,4,16.0,3,0,0.21984,general
m6i.2xlarge,General purpose,General,il-central-1,8,32.0,4,0,0.43968,general
m6i.large,General purpose,General,il-central-1,2,8.0,3,0,0.10992,general
m6i.xlarge,General purpose,General,il-central-1,4,16.0,3,0,0.21984,general
r5.2xlarge,Memory optimized,Memory,il-central-1,8,64.0,4,0,0.57708,memory
r5.large,Memory optimized,Memory,il-central-1,2,16.0,3,0,0.14427,memory
r5.xlarge,Memory optimized,Memory,il-central-1,4,32.0,3,0,0.28854,memory
r6i.2xlarge,Memory optimized,Memory,il-central-1,8,64.0,4,0,0.57708,memory
r6i.large,Memory optimized,Memory,il-central-1,2,16.0,3,0,0.14427,memory
r6i.xlarge,Memory optimized,Memory,il-central-1,4,32.0,3,0,0.28854,memory
t3.large,General purpose,General,il-central-1,2,8.0,2,0,0.095264,general
t3.medium,General purpose,General,il-central-1,2,4.0,2,0,0.047632,general
t3.small,General purpose,General,il-central-1,2,2.0,2,0,0.023816,general
t3.xlarge,General purpose,General,il-central-1,4,16.0,2,0,0.190528,general
c5.2xlarge,Compute optimized,CPU,me-central-1,8,16.0,3,0,0.3842,compute
c5.large,Compute optimized,CPU,me-central-1,2,4.0,3,0,0.09605,compute
c5.xlarge,Compute optimized,CPU,me-central-1,4,8.0,3,0,0.1921,compute
c6i.2xlarge,Compute optimized,CPU,me-central-1,8,16.0,4,0,0.3842,compute
c6i.large,Compute optimized,CPU,me-central-1,2,4.0,3,0,0.09605,compute
c6i.xlarge,Compute optimized,CPU,me-central-1,4,8.0,3,0,0.1921,compute
c7g.2xlarge,Compute optimized,CPU,me-central-1,8,16.0,4,0,0.3277,compute
c7g.large,Compute optimized,CPU,me-central-1,2,4.0,3,0,0.081925,compute
c7g.xlarge,Compute optimized,CPU,me-central-1,4,8.0,3,0,0.16385,compute
g4dn.2xlarge,GPU instance,GPU,me-central-1,8,32.0,4,1,0.84976,gpu
g4dn.xlarge,GPU instance,GPU,me-central-1,4,16.0,3,1,0.59438,gpu
i3.2xlarge,Storage optimized,Storage,me-central-1,8,61.0,4,0,0.70512,storage
i3.large,Storage optimized,Storage,me-central-1,2,15.25,4,0,0.17628,storage
i3.xlarge,Storage optimized,Storage,me-central-1,4,30.5,4,0,0.35256,storage
i4i.large,Storage optimized,Storage,me-central-1,2,16.0,4,0,0.19436,storage
i4i.xlarge,Storage optimized,Storage,me-central-1,4,32.0,4,0,0.38872,storage
m5.2xlarge,General purpose,General,me-central-1,8,32.0,3,0,0.43392,general
m5.large,General purpose,General,me-central-1,2,8.0,3,0,0.10848,general
m5.xlarge,General purpose,General,me-central-1,4,16.0,3,0,0.21696,general
m6i.2xlarge,General purpose,General,me-central-1,8,32.0,4,0,0.43392,general
m6i.large,General purpose,General,me-central-1,2,8.0,3,0,0.10848,general
m6i.xlarge,General purpose,General,me-central-1,4,16.0,3,0,0.21696,general
m7g.2xlarge,General purpose,General,me-central-1,8,32.0,3,0,0.368832,general
m7g.large,General purpose,General,me-central-1,2,8.0,3,0,0.092208,general
m7g.xlarge,General purpose,General,me-central-1,4,16.0,3,0,0.184416,general
r5.2xlarge,Memory optimized,Memory,me-central-1,8,64.0,4,0,0.56952,memory
r5.large,Memory optimized,Memory,me-central-1,2,16.0,3,0,0.14238,memory
r5.xlarge,Memory optimized,Memory,me-central-1,4,32.0,3,0,0.28476,memory
r6i.2xlarge,Memory optimized,Memory,me-central-1,8,64.0,4,0,0.56952,memory
r6i.large,Memory optimized,Memory,me-central-1,2,16.0,3,0,0.14238,memory
r6i.xlarge,Memory optimized,Memory,me-central-1,4,32.0,3,0,0.28476,memory
r7g.2xlarge,Memory optimized,Memory,me-central-1,8,64.0,4,0,0.484092,memory
r7g.large,Memory optimized,Memory,me-central-1,2,16.0,3,0,0.121023,memory
r7g.xlarge,Memory optimized,Memory,me-central-1,4,32.0,3,0,0.242046,memory
t3.large,General purpose,General,me-central-1,2,8.0,2,0,0.094016,general
t3.medium,General purpose,General,me-central-1,2,4.0,2,0,0.047008,general
t3.small,General purpose,General,me-central-1,2,2.0,2,0,0.023504,general
t3.xlarge,General purpose,General,me-central-1,4,16.0,2,0,0.188032,general
c5.2xlarge,Compute optimized,CPU,me-south-1,8,16.0,3,0,0.4012,compute
c5.large,Compute optimized,CPU,me-south-1,2,4.0,3,0,0.1003,compute
c5.xlarge,Compute optimized,CPU,me-south-1,4,8.0,3,0,0.2006,compute
c6i.2xlarge,Compute optimized,CPU,me-south-1,8,16.0,4,0,0.4012,compute
c6i.large,Compute optimized,CPU,me-south-1,2,4.0,3,0,0.1003,compute
c6i.xlarge,Compute optimized,CPU,me-south-1,4,8.0,3,0,0.2006,compute
c7g.2xlarge,Compute optimized,CPU,me-south-1,8,16.0,4,0,0.3422,compute
c7g.large,Compute optimized,CPU,me-south-1,2,4.0,3,0,0.08555,compute
c7g.xlarge,Compute optimized,CPU,me-south-1,4,8.0,3,0,0.1711,compute
d3.xlarge,Storage optimized,Storage,me-south-1,4,32.0,4,0,0.58882,storage
g4dn.2xlarge,GPU instance,GPU,me-south-1,8,32.0,4,1,0.88736,gpu
g4dn.xlarge,GPU instance,GPU,me-south-1,4,16.0,3,1,0.62068,gpu
i3.2xlarge,Storage optimized,Storage,me-south-1,8,61.0,4,0,0.73632,storage
i3.large,Storage optimized,Storage,me-south-1,2,15.25,4,0,0.18408,storage
i3.xlarge,Storage optimized,Storage,me-south-1,4,30.5,4,0,0.36816,storage
i4i.large,Storage optimized,Storage,me-south-1,2,16.0,4,0,0.20296,storage
i4i.xlarge,Storage optimized,Storage,me-south-1,4,32.0,4,0,0.40592,storage
m5.2xlarge,General purpose,General,me-south-1,8,32.0,3,0,0.45312,general
m5.large,General purpose,General,me-south-1,2,8.0,3,0,0.11328,general
m5.xlarge,General purpose,General,me-south-1,4,16.0,3,0,0.22656,general
m6i.2xlarge,General purpose,General,me-south-1,8,32.0,4,0,0.45312,general
m6i.large,General purpose,General,me-south-1,2,8.0,3,0,0.11328,general
m6i.xlarge,General purpose,General,me-south-1,4,16.0,3,0,0.22656,general
m7g.2xlarge,General purpose,General,me-south-1,8,32.0,3,0,0.385152,general
m7g.large,General purpose,General,me-south-1,2,8.0,3,0,0.096288,general
m7g.xlarge,General purpose,General,me-south-1,4,16.0,3,0,0.192576,general
r5.2xlarge,Memory optimized,Memory,me-south-1,8,64.0,4,0,0.59472,memory
r5.large,Memory optimized,Memory,me-south-1,2,16.0,3,0,0.14868,memory
r5.xlarge,Memory optimized,Memory,me-south-1,4,32.0,3,0,0.29736,memory
r6i.2xlarge,Memory optimized,Memory,me-south-1,8,64.0,4,0,0.59472,memory
r6i.large,Memory optimized,Memory,me-south-1,2,16.0,3,0,0.14868,memory
r6i.xlarge,Memory optimized,Memory,me-south-1,4,32.0,3,0,0.29736,memory
r7g.2xlarge,Memory optimized,Memory,me-south-1,8,64.0,4,0,0.505512,memory
r7g.large,Memory optimized,Memory,me-south-1,2,16.0,3,0,0.126378,memory
r7g.xlarge,Memory optimized,Memory,me-south-1,4,32.0,3,0,0.252756,memory
t3.large,General purpose,General,me-south-1,2,8.0,2,0,0.098176,general
t3.medium,General purpose,General,me-south-1,2,4.0,2,0,0.049088,general
t3.small,General purpose,General,me-south-1,2,2.0,2,0,0.024544,general
t3.xlarge,General purpose,General,me-south-1,4,16.0,2,0,0.196352,general
c5.2xlarge,Compute optimized,CPU,sa-east-1,8,16.0,3,0,0.4301,compute
c5.large,Compute optimized,CPU,sa-east-1,2,4.0,3,0,0.107525,compute
c5.xlarge,Compute optimized,CPU,sa-east-1,4,8.0,3,0,0.21505,compute
c6i.2xlarge,Compute optimized,CPU,sa-east-1,8,16.0,4,0,0.4301,compute
c6i.large,Compute optimized,CPU,sa-east-1,2,4.0,3,0,0.107525,compute
c6i.xlarge,Compute optimized,CPU,sa-east-1,4,8.0,3,0,0.21505,compute
c7g.2xlarge,Compute optimized,CPU,sa-east-1,8,16.0,4,0,0.36685,compute
c7g.large,Compute optimized,CPU,sa-east-1,2,4.0,3,0,0.091712,compute
c7g.xlarge,Compute optimized,CPU,sa-east-1,4,8.0,3,0,0.183425,compute
d3.xlarge,Storage optimized,Storage,sa-east-1,4,32.0,4,0,0.631235,storage
g4dn.2xlarge,GPU instance,GPU,sa-east-1,8,32.0,4,1,0.95128,gpu
g4dn.xlarge,GPU instance,GPU,sa-east-1,4,16.0,3,1,0.66539,gpu
g5.2xlarge,GPU instance,GPU,sa-east-1,8,32.0,4,1,1.53318,gpu
g5.xlarge,GPU instance,GPU,sa-east-1,4,16.0,4,1,1.27259,gpu
i3.2xlarge,Storage optimized,Storage,sa-east-1,8,61.0,4,0,0.78936,storage
i3.large,Storage optimized,Storage,sa-east-1,2,15.25,4,0,0.19734,storage
i3.xlarge,Storage optimized,Storage,sa-east-1,4,30.5,4,0,0.39468,storage
i4i.large,Storage optimized,Storage,sa-east-1,2,16.0,4,0,0.21758,storage
i4i.xlarge,Storage optimized,Storage,sa-east-1,4,32.0,4,0,0.43516,storage
m5.2xlarge,General purpose,General,sa-east-1,8,32.0,3,0,0.48576,general
m5.large,General purpose,General,sa-east-1,2,8.0,3,0,0.12144,general
m5.xlarge,General purpose,General,sa-east-1,4,16.0,3,0,0.24288,general
m6i.2xlarge,General purpose,General,sa-east-1,8,32.0,4,0,0.48576,general
m6i.large,General purpose,General,sa-east-1,2,8.0,3,0,0.12144,general
m6i.xlarge,General purpose,General,sa-east-1,4,16.0,3,0,0.24288,general
m7g.2xlarge,General purpose,General,sa-east-1,8,32.0,3,0,0.412896,general
m7g.large,General purpose,General,sa-east-1,2,8.0,3,0,0.103224,general
m7g.xlarge,General purpose,General,sa-east-1,4,16.0,3,0,0.206448,general
p3.2xlarge,GPU instance,GPU,sa-east-1,8,61.0,4,1,3.8709,gpu
r5.2xlarge,Memory optimized,Memory,sa-east-1,8,64.0,4,0,0.63756,memory
r5.large,Memory optimized,Memory,sa-east-1,2,16.0,3,0,0.15939,memory
r5.xlarge,Memory optimized,Memory,sa-east-1,4,32.0,3,0,0.31878,memory
r6i.2xlarge,Memory optimized,Memory,sa-east-1,8,64.0,4,0,0.63756,memory
r6i.large,Memory optimized,Memory,sa-east-1,2,16.0,3,0,0.15939,memory
r6i.xlarge,Memory optimized,Memory,sa-east-1,4,32.0,3,0,0.31878,memory
r7g.2xlarge,Memory optimized,Memory,sa-east-1,8,64.0,4,0,0.541926,memory
r7g.large,Memory optimized,Memory,sa-east-1,2,16.0,3,0,0.135481,memory
r7g.xlarge,Memory optimized,Memory,sa-east-1,4,32.0,3,0,0.270963,memory
t3.large,General purpose,General,sa-east-1,2,8.0,2,0,0.105248,general
t3.medium,General purpose,General,sa-east-1,2,4.0,2,0,0.052624,general
t3.small,General purpose,General,sa-east-1,2,2.0,2,0,0.026312,general
t3.xlarge,General purpose,General,sa-east-1,4,16.0,2,0,0.210496,general
c5.2xlarge,Compute optimized,CPU,us-east-1,8,16.0,3,0,0.34,compute
c5.large,Compute optimized,CPU,us-east-1,2,4.0,3,0,0.085,compute
c5.xlarge,Compute optimized,CPU,us-east-1,4,8.0,3,0,0.17,compute
c6i.2xlarge,Compute optimized,CPU,us-east-1,8,16.0,4,0,0.34,compute
c6i.large,Compute optimized,CPU,us-east-1,2,4.0,3,0,0.085,compute
c6i.xlarge,Compute optimized,CPU,us-east-1,4,8.0,3,0,0.17,compute
c7g.2xlarge,Compute optimized,CPU,us-east-1,8,16.0,4,0,0.29,compute
c7g.large,Compute optimized,CPU,us-east-1,2,4.0,3,0,0.0725,compute
c7g.xlarge,Compute optimized,CPU,us-east-1,4,8.0,3,0,0.145,compute
d3.xlarge,Storage optimized,Storage,us-east-1,4,32.0,4,0,0.499,storage
g4dn.2xlarge,GPU instance,GPU,us-east-1,8,32.0,4,1,0.752,gpu
g4dn.xlarge,GPU instance,GPU,us-east-1,4,16.0,3,1,0.526,gpu
g5.2xlarge,GPU instance,GPU,us-east-1,8,32.0,4,1,1.212,gpu
g5.xlarge,GPU instance,GPU,us-east-1,4,16.0,4,1,1.006,gpu
i3.2xlarge,Storage optimized,Storage,us-east-1,8,61.0,4,0,0.624,storage
i3.large,Storage optimized,Storage,us-east-1,2,15.25,4,0,0.156,storage
i3.xlarge,Storage optimized,Storage,us-east-1,4,30.5,4,0,0.312,storage
i4i.large,Storage optimized,Storage,us-east-1,2,16.0,4,0,0.172,storage
i4i.xlarge,Storage optimized,Storage,us-east-1,4,32.0,4,0,0.344,storage
m5.2xlarge,General purpose,General,us-east-1,8,32.0,3,0,0.384,general
m5.large,General purpose,General,us-east-1,2,8.0,3,0,0.096,general
m5.xlarge,General purpose,General,us-east-1,4,16.0,3,0,0.192,general
m6i.2xlarge,General purpose,General,us-east-1,8,32.0,4,0,0.384,general
m6i.large,General purpose,General,us-east-1,2,8.0,3,0,0.096,general
m6i.xlarge,General purpose,General,us-east-1,4,16.0,3,0,0.192,general
m7g.2xlarge,General purpose,General,us-east-1,8,32.0,3,0,0.3264,general
m7g.large,General purpose,General,us-east-1,2,8.0,3,0,0.0816,general
m7g.xlarge,General purpose,General,us-east-1,4,16.0,3,0,0.1632,general
p3.2xlarge,GPU instance,GPU,us-east-1,8,61.0,4,1,3.06,gpu
r5.2xlarge,Memory optimized,Memory,us-east-1,8,64.0,4,0,0.504,memory
r5.large,Memory optimized,Memory,us-east-1,2,16.0,3,0,0.126,memory
r5.xlarge,Memory optimized,Memory,us-east-1,4,32.0,3,0,0.252,memory
r6i.2xlarge,Memory optimized,Memory,us-east-1,8,64.0,4,0,0.504,memory
r6i.large,Memory optimized,Memory,us-east-1,2,16.0,3,0,0.126,memory
r6i.xlarge,Memory optimized,Memory,us-east-1,4,32.0,3,0,0.252,memory
r7g.2xlarge,Memory optimized,Memory,us-east-1,8,64.0,4,0,0.4284,memory
r7g.large,Memory optimized,Memory,us-east-1,2,16.0,3,0,0.1071,memory
r7g.xlarge,Memory optimized,Memory,us-east-1,4,32.0,3,0,0.2142,memory
t3.large,General purpose,General,us-east-1,2,8.0,2,0,0.0832,general
t3.medium,General purpose,General,us-east-1,2,4.0,2,0,0.0416,general
t3.small,General purpose,General,us-east-1,2,2.0,2,0,0.0208,general
t3.xlarge,General purpose,General,us-east-1,4,16.0,2,0,0.1664,general
c5.2xlarge,Compute optimized,CPU,us-east-2,8,16.0,3,0,0.34,compute
c5.large,Compute optimized,CPU,us-east-2,2,4.0,3,0,0.085,compute
c5.xlarge,Compute optimized,CPU,us-east-2,4,8.0,3,0,0.17,compute
c6i.2xlarge,Compute optimized,CPU,us-east-2,8,16.0,4,0,0.34,compute
c6i.large,Compute optimized,CPU,us-east-2,2,4.0,3,0,0.085,compute
c6i.xlarge,Compute optimized,CPU,us-east-2,4,8.0,3,0,0.17,compute
c7g.2xlarge,Compute optimized,CPU,us-east-2,8,16.0,4,0,0.29,compute
c7g.large,Compute optimized,CPU,us-east-2,2,4.0,3,0,0.0725,compute
c7g.xlarge,Compute optimized,CPU,us-east-2,4,8.0,3,0,0.145,compute
d3.xlarge,Storage optimized,Storage,us-east-2,4,32.0,4,0,0.499,storage
g4dn.2xlarge,GPU instance,GPU,us-east-2,8,32.0,4,1,0.752,gpu
g4dn.xlarge,GPU instance,GPU,us-east-2,4,16.0,3,1,0.526,gpu
g5.2xlarge,GPU instance,GPU,us-east-2,8,32.0,4,1,1.212,gpu
g5.xlarge,GPU instance,GPU,us-east-2,4,16.0,4,1,1.006,gpu
i3.2xlarge,Storage optimized,Storage,us-east-2,8,61.0,4,0,0.624,storage
i3.large,Storage optimized,Storage,us-east-2,2,15.25,4,0,0.156,storage
i3.xlarge,Storage optimized,Storage,us-east-2,4,30.5,4,0,0.312,storage
i4i.large,Storage optimized,Storage,us-east-2,2,16.0,4,0,0.172,storage
i4i.xlarge,Storage optimized,Storage,us-east-2,4,32.0,4,0,0.344,storage
m5.2xlarge,General purpose,General,us-east-2,8,32.0,3,0,0.384,general
m5.large,General purpose,General,us-east-2,2,8.0,3,0,0.096,general
m5.xlarge,General purpose,General,us-east-2,4,16.0,3,0,0.192,general
m6i.2xlarge,General purpose,General,us-east-2,8,32.0,4,0,0.384,general
m6i.large,General purpose,General,us-east-2,2,8.0,3,0,0.096,general
m6i.xlarge,General purpose,General,us-east-2,4,16.0,3,0,0.192,general
m7g.2xlarge,General purpose,General,us-east-2,8,32.0,3,0,0.3264,general
m7g.large,General purpose,General,us-east-2,2,8.0,3,0,0.0816,general
m7g.xlarge,General purpose,General,us-east-2,4,16.0,3,0,0.1632,general
p3.2xlarge,GPU instance,GPU,us-east-2,8,61.0,4,1,3.06,gpu
r5.2xlarge,Memory optimized,Memory,us-east-2,8,64.0,4,0,0.504,memory
r5.large,Memory optimized,Memory,us-east-2,2,16.0,3,0,0.126,memory
r5.xlarge,Memory optimized,Memory,us-east-2,4,32.0,3,0,0.252,memory
r6i.2xlarge,Memory optimized,Memory,us-east-2,8,64.0,4,0,0.504,memory
r6i.large,Memory optimized,Memory,us-east-2,2,16.0,3,0,0.126,memory
r6i.xlarge,Memory optimized,Memory,us-east-2,4,32.0,3,0,0.252,memory
r7g.2xlarge,Memory optimized,Memory,us-east-2,8,64.0,4,0,0.4284,memory
r7g.large,Memory optimized,Memory,us-east-2,2,16.0,3,0,0.1071,memory
r7g.xlarge,Memory optimized,Memory,us-east-2,4,32.0,3,0,0.2142,memory
t3.large,General purpose,General,us-east-2,2,8.0,2,0,0.0832,general
t3.medium,General purpose,General,us-east-2,2,4.0,2,0,0.0416,general
t3.small,General purpose,General,us-east-2,2,2.0,2,0,0.0208,general
t3.xlarge,General purpose,General,us-east-2,4,16.0,2,0,0.1664,general
c5.2xlarge,Compute optimized,CPU,us-west-1,8,16.0,3,0,0.37298,compute
c5.large,Compute optimized,CPU,us-west-1,2,4.0,3,0,0.093245,compute
c5.xlarge,Compute optimized,CPU,us-west-1,4,8.0,3,0,0.18649,compute
c6i.2xlarge,Compute optimized,CPU,us-west-1,8,16.0,4,0,0.37298,compute
c6i.large,Compute optimized,CPU,us-west-1,2,4.0,3,0,0.093245,compute
c6i.xlarge,Compute optimized,CPU,us-west-1,4,8.0,3,0,0.18649,compute
c7g.2xlarge,Compute optimized,CPU,us-west-1,8,16.0,4,0,0.31813,compute
c7g.large,Compute optimized,CPU,us-west-1,2,4.0,3,0,0.079532,compute
c7g.xlarge,Compute optimized,CPU,us-west-1,4,8.0,3,0,0.159065,compute
d3.xlarge,Storage optimized,Storage,us-west-1,4,32.0,4,0,0.547403,storage
g4dn.2xlarge,GPU instance,GPU,us-west-1,8,32.0,4,1,0.824944,gpu
g4dn.xlarge,GPU instance,GPU,us-west-1,4,16.0,3,1,0.577022,gpu
g5.2xlarge,GPU instance,GPU,us-west-1,8,32.0,4,1,1.329564,gpu
g5.xlarge,GPU instance,GPU,us-west-1,4,16.0,4,1,1.103582,gpu
i3.2xlarge,Storage optimized,Storage,us-west-1,8,61.0,4,0,0.684528,storage
i3.large,Storage optimized,Storage,us-west-1,2,15.25,4,0,0.171132,storage
i3.xlarge,Storage optimized,Storage,us-west-1,4,30.5,4,0,0.342264,storage
i4i.large,Storage optimized,Storage,us-west-1,2,16.0,4,0,0.188684,storage
i4i.xlarge,Storage optimized,Storage,us-west-1,4,32.0,4,0,0.377368,storage
m5.2xlarge,General purpose,General,us-west-1,8,32.0,3,0,0.421248,general
m5.large,General purpose,General,us-west-1,2,8.0,3,0,0.105312,general
m5.xlarge,General purpose,General,us-west-1,4,16.0,3,0,0.210624,general
m6i.2xlarge,General purpose,General,us-west-1,8,32.0,4,0,0.421248,general
m6i.large,General purpose,General,us-west-1,2,8.0,3,0,0.105312,general
m6i.xlarge,General purpose,General,us-west-1,4,16.0,3,0,0.210624,general
m7g.2xlarge,General purpose,General,us-west-1,8,32.0,3,0,0.358061,general
m7g.large,General purpose,General,us-west-1,2,8.0,3,0,0.089515,general
m7g.xlarge,General purpose,General,us-west-1,4,16.0,3,0,0.17903,general
p3.2xlarge,GPU instance,GPU,us-west-1,8,61.0,4,1,3.35682,gpu
r5.2xlarge,Memory optimized,Memory,us-west-1,8,64.0,4,0,0.552888,memory
r5.large,Memory optimized,Memory,us-west-1,2,16.0,3,0,0.138222,memory
r5.xlarge,Memory optimized,Memory,us-west-1,4,32.0,3,0,0.276444,memory
r6i.2xlarge,Memory optimized,Memory,us-west-1,8,64.0,4,0,0.552888,memory
r6i.large,Memory optimized,Memory,us-west-1,2,16.0,3,0,0.138222,memory
r6i.xlarge,Memory optimized,Memory,us-west-1,4,32.0,3,0,0.276444,memory
r7g.2xlarge,Memory optimized,Memory,us-west-1,8,64.0,4,0,0.469955,memory
r7g.large,Memory optimized,Memory,us-west-1,2,16.0,3,0,0.117489,memory
r7g.xlarge,Memory optimized,Memory,us-west-1,4,32.0,3,0,0.234977,memory
t3.large,General purpose,General,us-west-1,2,8.0,2,0,0.09127,general
t3.medium,General purpose,General,us-west-1,2,4.0,2,0,0.045635,general
t3.small,General purpose,General,us-west-1,2,2.0,2,0,0.022818,general
t3.xlarge,General purpose,General,us-west-1,4,16.0,2,0,0.182541,general
c5.2xlarge,Compute optimized,CPU,us-west-2,8,16.0,3,0,0.34,compute
c5.large,Compute optimized,CPU,us-west-2,2,4.0,3,0,0.085,compute
c5.xlarge,Compute optimized,CPU,us-west-2,4,8.0,3,0,0.17,compute
c6i.2xlarge,Compute optimized,CPU,us-west-2,8,16.0,4,0,0.34,compute
c6i.large,Compute optimized,CPU,us-west-2,2,4.0,3,0,0.085,compute
c6i.xlarge,Compute optimized,CPU,us-west-2,4,8.0,3,0,0.17,compute
c7g.2xlarge,Compute optimized,CPU,us-west-2,8,16.0,4,0,0.29,compute
c7g.large,Compute optimized,CPU,us-west-2,2,4.0,3,0,0.0725,compute
c7g.xlarge,Compute optimized,CPU,us-west-2,4,8.0,3,0,0.145,compute
d3.xlarge,Storage optimized,Storage,us-west-2,4,32.0,4,0,0.499,storage
g4dn.2xlarge,GPU instance,GPU,us-west-2,8,32.0,4,1,0.752,gpu
g4dn.xlarge,GPU instance,GPU,us-west-2,4,16.0,3,1,0.526,gpu
g5.2xlarge,GPU instance,GPU,us-west-2,8,32.0,4,1,1.212,gpu
g5.xlarge,GPU instance,GPU,us-west-2,4,16.0,4,1,1.006,gpu
i3.2xlarge,Storage optimized,Storage,us-west-2,8,61.0,4,0,0.624,storage
i3.large,Storage optimized,Storage,us-west-2,2,15.25,4,0,0.156,storage
i3.xlarge,Storage optimized,Storage,us-west-2,4,30.5,4,0,0.312,storage
i4i.large,Storage optimized,Storage,us-west-2,2,16.0,4,0,0.172,storage
i4i.xlarge,Storage optimized,Storage,us-west-2,4,32.0,4,0,0.344,storage
m5.2xlarge,General purpose,General,us-west-2,8,32.0,3,0,0.384,general
m5.large,General purpose,General,us-west-2,2,8.0,3,0,0.096,general
m5.xlarge,General purpose,General,us-west-2,4,16.0,3,0,0.192,general
m6i.2xlarge,General purpose,General,us-west-2,8,32.0,4,0,0.384,general
m6i.large,General purpose,General,us-west-2,2,8.0,3,0,0.096,general
m6i.xlarge,General purpose,General,us-west-2,4,16.0,3,0,0.192,general
m7g.2xlarge,General purpose,General,us-west-2,8,32.0,3,0,0.3264,general
m7g.large,General purpose,General,us-west-2,2,8.0,3,0,0.0816,general
m7g.xlarge,General purpose,General,us-west-2,4,16.0,3,0,0.1632,general
p3.2xlarge,GPU instance,GPU,us-west-2,8,61.0,4,1,3.06,gpu
r5.2xlarge,Memory optimized,Memory,us-west-2,8,64.0,4,0,0.504,memory
r5.large,Memory optimized,Memory,us-west-2,2,16.0,3,0,0.126,memory
r5.xlarge,Memory optimized,Memory,us-west-2,4,32.0,3,0,0.252,memory
r6i.2xlarge,Memory optimized,Memory,us-west-2,8,64.0,4,0,0.504,memory
r6i.large,Memory optimized,Memory,us-west-2,2,16.0,3,0,0.126,memory
r6i.xlarge,Memory optimized,Memory,us-west-2,4,32.0,3,0,0.252,memory
r7g.2xlarge,Memory optimized,Memory,us-west-2,8,64.0,4,0,0.4284,memory
r7g.large,Memory optimized,Memory,us-west-2,2,16.0,3,0,0.1071,memory
r7g.xlarge,Memory optimized,Memory,us-west-2,4,32.0,3,0,0.2142,memory
t3.large,General purpose,General,us-west-2,2,8.0,2,0,0.0832,general
t3.medium,General purpose,General,us-west-2,2,4.0,2,0,0.0416,general
t3.small,General purpose,General,us-west-2,2,2.0,2,0,0.0208,general
t3.xlarge,General purpose,General,us-west-2,4,16.0,2,0,0.1664,general
